./17e//trim_img\0000.jpg,07:37:56
./17e//trim_img\0001.jpg,07:38:06
./17e//trim_img\0002.jpg,07:38:09
./17e//trim_img\0003.jpg,07:38:17
./17e//trim_img\0004.jpg,07:38:26
./17e//trim_img\0005.jpg,07:38:38
./17e//trim_img\0006.jpg,07:39:07
./17e//trim_img\0007.jpg,07:39:45
./17e//trim_img\0008.jpg,07:40:05
./17e//trim_img\0009.jpg,07:41:14
./17e//trim_img\0010.jpg,07:41:19
./17e//trim_img\0011.jpg,07:41:46
./17e//trim_img\0012.jpg,07:42:23
./17e//trim_img\0013.jpg,07:42:55
./17e//trim_img\0014.jpg,07:42:57
./17e//trim_img\0015.jpg,07:43:00
./17e//trim_img\0016.jpg,07:44:04
./17e//trim_img\0017.jpg,07:44:15
./17e//trim_img\0018.jpg,07:44:19
./17e//trim_img\0019.jpg,07:44:29
./17e//trim_img\0020.jpg,07:45:23
./17e//trim_img\0021.jpg,07:45:25
./17e//trim_img\0022.jpg,07:45:44
./17e//trim_img\0023.jpg,07:45:55
./17e//trim_img\0024.jpg,07:46:00
./17e//trim_img\0025.jpg,07:46:17
./17e//trim_img\0026.jpg,07:46:27
./17e//trim_img\0027.jpg,07:46:34
./17e//trim_img\0028.jpg,07:46:38
./17e//trim_img\0029.jpg,07:46:42
./17e//trim_img\0030.jpg,07:47:16
./17e//trim_img\0031.jpg,07:47:27
./17e//trim_img\0032.jpg,07:47:32
./17e//trim_img\0033.jpg,07:47:32
./17e//trim_img\0034.jpg,07:48:51
./17e//trim_img\0035.jpg,07:49:17
./17e//trim_img\0036.jpg,07:49:30
./17e//trim_img\0037.jpg,07:50:36
./17e//trim_img\0038.jpg,07:50:39
./17e//trim_img\0039.jpg,07:50:45
./17e//trim_img\0040.jpg,07:50:52
./17e//trim_img\0041.jpg,07:52:12
./17e//trim_img\0042.jpg,07:52:39
./17e//trim_img\0043.jpg,07:53:19
./17e//trim_img\0044.jpg,07:53:46
./17e//trim_img\0045.jpg,07:53:55
./17e//trim_img\0046.jpg,07:53:59
./17e//trim_img\0047.jpg,07:54:35
./17e//trim_img\0048.jpg,07:54:55
./17e//trim_img\0049.jpg,07:55:25
./17e//trim_img\0050.jpg,07:55:39
./17e//trim_img\0051.jpg,07:56:01
./17e//trim_img\0052.jpg,07:56:58
./17e//trim_img\0053.jpg,07:57:02
./17e//trim_img\0054.jpg,07:57:12
./17e//trim_img\0055.jpg,07:57:32
./17e//trim_img\0056.jpg,07:58:02
./17e//trim_img\0057.jpg,07:58:06
./17e//trim_img\0058.jpg,07:58:09
./17e//trim_img\0059.jpg,07:58:22
./17e//trim_img\0060.jpg,08:01:18
./17e//trim_img\0061.jpg,08:01:34
./17e//trim_img\0062.jpg,08:02:02
./17e//trim_img\0063.jpg,08:02:06
./17e//trim_img\0064.jpg,08:02:30
./17e//trim_img\0065.jpg,08:03:12
./17e//trim_img\0066.jpg,08:03:13
./17e//trim_img\0067.jpg,08:04:07
./17e//trim_img\0068.jpg,08:04:09
./17e//trim_img\0069.jpg,08:04:16
./17e//trim_img\0070.jpg,08:04:21
./17e//trim_img\0071.jpg,08:04:26
./17e//trim_img\0072.jpg,08:04:27
./17e//trim_img\0073.jpg,08:04:37
./17e//trim_img\0074.jpg,08:04:49
./17e//trim_img\0075.jpg,08:04:52
./17e//trim_img\0076.jpg,08:05:09
./17e//trim_img\0077.jpg,08:05:28
./17e//trim_img\0078.jpg,08:05:31
./17e//trim_img\0079.jpg,08:05:36
./17e//trim_img\0080.jpg,08:06:06
./17e//trim_img\0081.jpg,08:06:12
./17e//trim_img\0082.jpg,08:06:20
./17e//trim_img\0083.jpg,08:07:04
./17e//trim_img\0084.jpg,08:07:05
./17e//trim_img\0085.jpg,08:07:07
./17e//trim_img\0086.jpg,08:07:10
./17e//trim_img\0087.jpg,08:07:29
./17e//trim_img\0088.jpg,08:07:46
./17e//trim_img\0089.jpg,08:07:47
./17e//trim_img\0090.jpg,08:08:11
./17e//trim_img\0091.jpg,08:08:23
./17e//trim_img\0092.jpg,08:08:25
./17e//trim_img\0093.jpg,08:08:36
./17e//trim_img\0094.jpg,08:08:40
./17e//trim_img\0095.jpg,08:09:03
./17e//trim_img\0096.jpg,08:09:21
./17e//trim_img\0097.jpg,08:09:29
./17e//trim_img\0098.jpg,08:09:32
./17e//trim_img\0099.jpg,08:09:40
./17e//trim_img\0100.jpg,08:09:40
./17e//trim_img\0101.jpg,08:09:45
./17e//trim_img\0102.jpg,08:09:58
./17e//trim_img\0103.jpg,08:10:25
./17e//trim_img\0104.jpg,08:11:10
./17e//trim_img\0105.jpg,08:11:17
./17e//trim_img\0106.jpg,08:11:37
./17e//trim_img\0107.jpg,08:11:44
./17e//trim_img\0108.jpg,08:11:54
./17e//trim_img\0109.jpg,08:12:06
./17e//trim_img\0110.jpg,08:12:30
./17e//trim_img\0111.jpg,08:12:43
./17e//trim_img\0112.jpg,08:13:23
./17e//trim_img\0113.jpg,08:13:49
./17e//trim_img\0114.jpg,08:14:03
./17e//trim_img\0115.jpg,08:14:16
./17e//trim_img\0116.jpg,08:15:06
./17e//trim_img\0117.jpg,08:15:12
./17e//trim_img\0118.jpg,08:15:36
./17e//trim_img\0119.jpg,08:16:00
./17e//trim_img\0120.jpg,08:16:01
./17e//trim_img\0121.jpg,08:16:02
./17e//trim_img\0122.jpg,08:16:03
./17e//trim_img\0123.jpg,08:16:04
./17e//trim_img\0124.jpg,08:16:06
./17e//trim_img\0125.jpg,08:16:09
./17e//trim_img\0126.jpg,08:16:46
./17e//trim_img\0127.jpg,08:16:50
./17e//trim_img\0128.jpg,08:16:52
./17e//trim_img\0129.jpg,08:16:56
./17e//trim_img\0130.jpg,08:17:04
./17e//trim_img\0131.jpg,08:17:34
./17e//trim_img\0132.jpg,08:17:36
./17e//trim_img\0133.jpg,08:17:39
./17e//trim_img\0134.jpg,08:18:18
./17e//trim_img\0135.jpg,08:18:34
./17e//trim_img\0136.jpg,08:18:38
./17e//trim_img\0137.jpg,08:18:57
./17e//trim_img\0138.jpg,08:18:59
./17e//trim_img\0139.jpg,08:20:35
./17e//trim_img\0140.jpg,08:20:38
./17e//trim_img\0141.jpg,08:20:48
./17e//trim_img\0142.jpg,08:20:53
./17e//trim_img\0143.jpg,08:21:23
./17e//trim_img\0144.jpg,08:21:33
./17e//trim_img\0145.jpg,08:22:20
./17e//trim_img\0146.jpg,08:23:25
./17e//trim_img\0147.jpg,08:23:33
./17e//trim_img\0148.jpg,08:24:41
./17e//trim_img\0149.jpg,08:26:06
./17e//trim_img\0150.jpg,08:26:11
./17e//trim_img\0151.jpg,08:26:18
./17e//trim_img\0152.jpg,08:26:35
./17e//trim_img\0153.jpg,08:26:56
./17e//trim_img\0154.jpg,08:28:20
./17e//trim_img\0155.jpg,08:28:48
./17e//trim_img\0156.jpg,08:29:05
./17e//trim_img\0157.jpg,08:29:10
./17e//trim_img\0158.jpg,08:29:25
./17e//trim_img\0159.jpg,08:31:04
./17e//trim_img\0160.jpg,08:31:06
./17e//trim_img\0161.jpg,08:31:12
./17e//trim_img\0162.jpg,08:31:18
./17e//trim_img\0163.jpg,08:31:36
