./19s//trim_img\0000.jpg,07:37:36
./19s//trim_img\0001.jpg,07:37:37
./19s//trim_img\0002.jpg,07:37:39
./19s//trim_img\0003.jpg,07:37:40
./19s//trim_img\0004.jpg,07:37:42
./19s//trim_img\0005.jpg,07:37:43
./19s//trim_img\0006.jpg,07:38:25
./19s//trim_img\0007.jpg,07:39:30
./19s//trim_img\0008.jpg,07:39:32
./19s//trim_img\0009.jpg,07:39:34
./19s//trim_img\0010.jpg,07:40:35
./19s//trim_img\0011.jpg,07:40:37
./19s//trim_img\0012.jpg,07:40:41
./19s//trim_img\0013.jpg,07:40:41
./19s//trim_img\0014.jpg,07:40:59
./19s//trim_img\0015.jpg,07:41:41
./19s//trim_img\0016.jpg,07:42:11
./19s//trim_img\0017.jpg,07:42:16
./19s//trim_img\0018.jpg,07:43:12
./19s//trim_img\0019.jpg,07:43:13
./19s//trim_img\0020.jpg,07:43:19
./19s//trim_img\0021.jpg,07:43:20
./19s//trim_img\0022.jpg,07:43:22
./19s//trim_img\0023.jpg,07:43:24
./19s//trim_img\0024.jpg,07:43:24
./19s//trim_img\0025.jpg,07:43:26
./19s//trim_img\0026.jpg,07:44:42
./19s//trim_img\0027.jpg,07:44:46
./19s//trim_img\0028.jpg,07:44:48
./19s//trim_img\0029.jpg,07:44:52
./19s//trim_img\0030.jpg,07:44:55
./19s//trim_img\0031.jpg,07:45:01
./19s//trim_img\0032.jpg,07:45:10
./19s//trim_img\0033.jpg,07:46:06
./19s//trim_img\0034.jpg,07:46:55
./19s//trim_img\0035.jpg,07:46:56
./19s//trim_img\0036.jpg,07:46:58
./19s//trim_img\0037.jpg,07:47:00
./19s//trim_img\0038.jpg,07:47:02
./19s//trim_img\0039.jpg,07:47:05
./19s//trim_img\0040.jpg,07:47:07
./19s//trim_img\0041.jpg,07:47:09
./19s//trim_img\0042.jpg,07:47:12
./19s//trim_img\0043.jpg,07:47:30
./19s//trim_img\0044.jpg,07:47:32
./19s//trim_img\0045.jpg,07:48:26
./19s//trim_img\0046.jpg,07:48:27
./19s//trim_img\0047.jpg,07:48:29
./19s//trim_img\0048.jpg,07:48:30
./19s//trim_img\0049.jpg,07:48:34
./19s//trim_img\0050.jpg,07:48:35
./19s//trim_img\0051.jpg,07:48:37
./19s//trim_img\0052.jpg,07:48:39
./19s//trim_img\0053.jpg,07:48:42
./19s//trim_img\0054.jpg,07:48:44
./19s//trim_img\0055.jpg,07:48:56
./19s//trim_img\0056.jpg,07:48:57
./19s//trim_img\0057.jpg,07:49:34
./19s//trim_img\0058.jpg,07:49:36
./19s//trim_img\0059.jpg,07:49:38
./19s//trim_img\0060.jpg,07:49:42
./19s//trim_img\0061.jpg,07:49:43
./19s//trim_img\0062.jpg,07:50:13
./19s//trim_img\0063.jpg,07:51:02
./19s//trim_img\0064.jpg,07:51:06
./19s//trim_img\0065.jpg,07:51:07
./19s//trim_img\0066.jpg,07:51:09
./19s//trim_img\0067.jpg,07:51:29
./19s//trim_img\0068.jpg,07:51:30
./19s//trim_img\0069.jpg,07:51:32
./19s//trim_img\0070.jpg,07:52:34
./19s//trim_img\0071.jpg,07:52:36
./19s//trim_img\0072.jpg,07:52:37
./19s//trim_img\0073.jpg,07:52:39
./19s//trim_img\0074.jpg,07:52:41
./19s//trim_img\0075.jpg,07:52:43
./19s//trim_img\0076.jpg,07:52:44
./19s//trim_img\0077.jpg,07:52:45
./19s//trim_img\0078.jpg,07:52:47
./19s//trim_img\0079.jpg,07:52:51
./19s//trim_img\0080.jpg,07:53:56
./19s//trim_img\0081.jpg,07:53:57
./19s//trim_img\0082.jpg,07:54:00
./19s//trim_img\0083.jpg,07:54:02
./19s//trim_img\0084.jpg,07:54:12
./19s//trim_img\0085.jpg,07:55:12
./19s//trim_img\0086.jpg,07:55:12
./19s//trim_img\0087.jpg,07:55:13
./19s//trim_img\0088.jpg,07:55:15
./19s//trim_img\0089.jpg,07:55:18
./19s//trim_img\0090.jpg,07:55:21
./19s//trim_img\0091.jpg,07:55:24
./19s//trim_img\0092.jpg,07:55:27
./19s//trim_img\0093.jpg,07:56:21
./19s//trim_img\0094.jpg,07:56:22
./19s//trim_img\0095.jpg,07:56:22
./19s//trim_img\0096.jpg,07:56:24
./19s//trim_img\0097.jpg,07:56:25
./19s//trim_img\0098.jpg,07:56:27
./19s//trim_img\0099.jpg,07:56:29
./19s//trim_img\0100.jpg,07:56:31
./19s//trim_img\0101.jpg,07:57:47
./19s//trim_img\0102.jpg,07:57:48
./19s//trim_img\0103.jpg,07:57:50
./19s//trim_img\0104.jpg,07:57:53
./19s//trim_img\0105.jpg,07:57:58
./19s//trim_img\0106.jpg,07:58:02
./19s//trim_img\0107.jpg,07:58:53
./19s//trim_img\0108.jpg,07:58:54
./19s//trim_img\0109.jpg,07:59:28
./19s//trim_img\0110.jpg,08:00:24
./19s//trim_img\0111.jpg,08:00:25
./19s//trim_img\0112.jpg,08:00:28
./19s//trim_img\0113.jpg,08:00:31
./19s//trim_img\0114.jpg,08:00:33
./19s//trim_img\0115.jpg,08:00:35
./19s//trim_img\0116.jpg,08:00:37
./19s//trim_img\0117.jpg,08:00:41
./19s//trim_img\0118.jpg,08:00:44
./19s//trim_img\0119.jpg,08:01:30
./19s//trim_img\0120.jpg,08:01:31
./19s//trim_img\0121.jpg,08:01:34
./19s//trim_img\0122.jpg,08:01:35
./19s//trim_img\0123.jpg,08:01:37
./19s//trim_img\0124.jpg,08:01:40
./19s//trim_img\0125.jpg,08:01:44
./19s//trim_img\0126.jpg,08:01:45
./19s//trim_img\0127.jpg,08:01:46
./19s//trim_img\0128.jpg,08:01:48
./19s//trim_img\0129.jpg,08:01:50
./19s//trim_img\0130.jpg,08:02:16
./19s//trim_img\0131.jpg,08:03:00
./19s//trim_img\0132.jpg,08:03:00
./19s//trim_img\0133.jpg,08:03:03
./19s//trim_img\0134.jpg,08:03:06
./19s//trim_img\0135.jpg,08:03:09
./19s//trim_img\0136.jpg,08:03:11
./19s//trim_img\0137.jpg,08:03:13
./19s//trim_img\0138.jpg,08:03:16
./19s//trim_img\0139.jpg,08:03:19
./19s//trim_img\0140.jpg,08:03:21
./19s//trim_img\0141.jpg,08:03:21
./19s//trim_img\0142.jpg,08:03:23
./19s//trim_img\0143.jpg,08:03:27
./19s//trim_img\0144.jpg,08:03:28
./19s//trim_img\0145.jpg,08:03:32
./19s//trim_img\0146.jpg,08:04:31
./19s//trim_img\0147.jpg,08:04:51
./19s//trim_img\0148.jpg,08:04:51
./19s//trim_img\0149.jpg,08:04:54
./19s//trim_img\0150.jpg,08:05:01
./19s//trim_img\0151.jpg,08:05:01
./19s//trim_img\0152.jpg,08:05:09
./19s//trim_img\0153.jpg,08:05:40
./19s//trim_img\0154.jpg,08:05:40
./19s//trim_img\0155.jpg,08:05:42
./19s//trim_img\0156.jpg,08:05:44
./19s//trim_img\0157.jpg,08:05:46
./19s//trim_img\0158.jpg,08:07:07
./19s//trim_img\0159.jpg,08:07:08
./19s//trim_img\0160.jpg,08:07:11
./19s//trim_img\0161.jpg,08:07:15
./19s//trim_img\0162.jpg,08:07:17
./19s//trim_img\0163.jpg,08:07:19
./19s//trim_img\0164.jpg,08:08:25
./19s//trim_img\0165.jpg,08:08:26
./19s//trim_img\0166.jpg,08:08:26
./19s//trim_img\0167.jpg,08:08:26
./19s//trim_img\0168.jpg,08:08:32
./19s//trim_img\0169.jpg,08:08:35
./19s//trim_img\0170.jpg,08:08:37
./19s//trim_img\0171.jpg,08:08:39
./19s//trim_img\0172.jpg,08:08:47
./19s//trim_img\0173.jpg,08:08:48
./19s//trim_img\0174.jpg,08:09:46
./19s//trim_img\0175.jpg,08:09:47
./19s//trim_img\0176.jpg,08:09:52
./19s//trim_img\0177.jpg,08:09:55
./19s//trim_img\0178.jpg,08:09:59
./19s//trim_img\0179.jpg,08:10:00
./19s//trim_img\0180.jpg,08:10:03
./19s//trim_img\0181.jpg,08:10:05
./19s//trim_img\0182.jpg,08:10:09
./19s//trim_img\0183.jpg,08:10:11
./19s//trim_img\0184.jpg,08:10:16
./19s//trim_img\0185.jpg,08:11:05
./19s//trim_img\0186.jpg,08:11:06
./19s//trim_img\0187.jpg,08:11:07
./19s//trim_img\0188.jpg,08:11:09
./19s//trim_img\0189.jpg,08:11:11
./19s//trim_img\0190.jpg,08:11:13
./19s//trim_img\0191.jpg,08:11:14
./19s//trim_img\0192.jpg,08:11:17
./19s//trim_img\0193.jpg,08:11:22
./19s//trim_img\0194.jpg,08:11:23
./19s//trim_img\0195.jpg,08:11:26
./19s//trim_img\0196.jpg,08:11:59
./19s//trim_img\0197.jpg,08:12:00
./19s//trim_img\0198.jpg,08:12:03
./19s//trim_img\0199.jpg,08:12:07
./19s//trim_img\0200.jpg,08:12:11
./19s//trim_img\0201.jpg,08:12:14
./19s//trim_img\0202.jpg,08:12:15
./19s//trim_img\0203.jpg,08:12:27
./19s//trim_img\0204.jpg,08:13:19
./19s//trim_img\0205.jpg,08:13:20
./19s//trim_img\0206.jpg,08:13:23
./19s//trim_img\0207.jpg,08:13:24
./19s//trim_img\0208.jpg,08:13:26
./19s//trim_img\0209.jpg,08:13:27
./19s//trim_img\0210.jpg,08:13:29
./19s//trim_img\0211.jpg,08:13:30
./19s//trim_img\0212.jpg,08:13:32
./19s//trim_img\0213.jpg,08:13:34
./19s//trim_img\0214.jpg,08:14:12
./19s//trim_img\0215.jpg,08:14:14
./19s//trim_img\0216.jpg,08:14:20
./19s//trim_img\0217.jpg,08:14:30
./19s//trim_img\0218.jpg,08:14:32
./19s//trim_img\0219.jpg,08:14:47
./19s//trim_img\0220.jpg,08:15:20
./19s//trim_img\0221.jpg,08:15:22
./19s//trim_img\0222.jpg,08:15:24
./19s//trim_img\0223.jpg,08:15:26
./19s//trim_img\0224.jpg,08:15:28
./19s//trim_img\0225.jpg,08:15:30
./19s//trim_img\0226.jpg,08:15:32
./19s//trim_img\0227.jpg,08:15:34
./19s//trim_img\0228.jpg,08:15:41
./19s//trim_img\0229.jpg,08:15:43
./19s//trim_img\0230.jpg,08:16:50
./19s//trim_img\0231.jpg,08:17:01
./19s//trim_img\0232.jpg,08:17:03
./19s//trim_img\0233.jpg,08:17:04
./19s//trim_img\0234.jpg,08:17:14
./19s//trim_img\0235.jpg,08:17:18
./19s//trim_img\0236.jpg,08:17:19
./19s//trim_img\0237.jpg,08:17:24
./19s//trim_img\0238.jpg,08:17:58
./19s//trim_img\0239.jpg,08:18:13
./19s//trim_img\0240.jpg,08:18:20
./19s//trim_img\0241.jpg,08:19:04
./19s//trim_img\0242.jpg,08:19:06
./19s//trim_img\0243.jpg,08:19:08
./19s//trim_img\0244.jpg,08:19:11
./19s//trim_img\0245.jpg,08:19:14
./19s//trim_img\0246.jpg,08:19:15
./19s//trim_img\0247.jpg,08:19:18
./19s//trim_img\0248.jpg,08:19:20
./19s//trim_img\0249.jpg,08:19:22
./19s//trim_img\0250.jpg,08:19:04
./19s//trim_img\0251.jpg,08:19:06
./19s//trim_img\0252.jpg,08:19:08
./19s//trim_img\0253.jpg,08:19:10
./19s//trim_img\0254.jpg,08:19:14
./19s//trim_img\0255.jpg,08:19:15
./19s//trim_img\0256.jpg,08:19:18
./19s//trim_img\0257.jpg,08:19:20
./19s//trim_img\0258.jpg,08:19:23
./19s//trim_img\0259.jpg,08:19:25
./19s//trim_img\0260.jpg,08:19:28
./19s//trim_img\0261.jpg,08:20:11
./19s//trim_img\0262.jpg,08:20:14
./19s//trim_img\0263.jpg,08:20:17
./19s//trim_img\0264.jpg,08:20:33
./19s//trim_img\0265.jpg,08:20:35
./19s//trim_img\0266.jpg,08:20:44
./19s//trim_img\0267.jpg,08:21:42
./19s//trim_img\0268.jpg,08:21:43
./19s//trim_img\0269.jpg,08:21:47
./19s//trim_img\0270.jpg,08:22:47
./19s//trim_img\0271.jpg,08:22:48
./19s//trim_img\0272.jpg,08:22:50
./19s//trim_img\0273.jpg,08:22:53
./19s//trim_img\0274.jpg,08:22:56
./19s//trim_img\0275.jpg,08:22:58
./19s//trim_img\0276.jpg,08:23:00
./19s//trim_img\0277.jpg,08:23:02
./19s//trim_img\0278.jpg,08:23:05
./19s//trim_img\0279.jpg,08:23:07
./19s//trim_img\0280.jpg,08:23:56
./19s//trim_img\0281.jpg,08:25:01
./19s//trim_img\0282.jpg,08:25:03
./19s//trim_img\0283.jpg,08:25:05
./19s//trim_img\0284.jpg,08:25:08
./19s//trim_img\0285.jpg,08:25:10
./19s//trim_img\0286.jpg,08:25:12
./19s//trim_img\0287.jpg,08:25:14
./19s//trim_img\0288.jpg,08:25:18
./19s//trim_img\0289.jpg,08:25:19
./19s//trim_img\0290.jpg,08:25:22
./19s//trim_img\0291.jpg,08:26:08
./19s//trim_img\0292.jpg,08:26:25
./19s//trim_img\0293.jpg,08:27:17
./19s//trim_img\0294.jpg,08:27:18
./19s//trim_img\0295.jpg,08:27:19
./19s//trim_img\0296.jpg,08:27:21
./19s//trim_img\0297.jpg,08:27:25
./19s//trim_img\0298.jpg,08:27:26
./19s//trim_img\0299.jpg,08:27:28
./19s//trim_img\0300.jpg,08:27:29
./19s//trim_img\0301.jpg,08:27:47
./19s//trim_img\0302.jpg,08:28:23
./19s//trim_img\0303.jpg,08:28:24
./19s//trim_img\0304.jpg,08:28:39
./19s//trim_img\0305.jpg,08:28:41
./19s//trim_img\0306.jpg,08:28:43
./19s//trim_img\0307.jpg,08:28:46
./19s//trim_img\0308.jpg,08:28:52
./19s//trim_img\0309.jpg,08:28:55
./19s//trim_img\0310.jpg,08:29:31
./19s//trim_img\0311.jpg,08:29:32
./19s//trim_img\0312.jpg,08:29:42
./19s//trim_img\0313.jpg,08:29:44
./19s//trim_img\0314.jpg,08:30:45
./19s//trim_img\0315.jpg,08:30:45
./19s//trim_img\0316.jpg,08:30:49
./19s//trim_img\0317.jpg,08:31:45
./19s//trim_img\0318.jpg,08:31:47
./19s//trim_img\0319.jpg,08:32:10
./19s//trim_img\0320.jpg,08:32:12
