./18n//trim_img\0000.jpg,10:49:49
./18n//trim_img\0001.jpg,10:49:49
./18n//trim_img\0002.jpg,10:49:50
./18n//trim_img\0003.jpg,10:49:51
./18n//trim_img\0004.jpg,10:49:53
./18n//trim_img\0005.jpg,10:49:54
./18n//trim_img\0006.jpg,10:50:00
./18n//trim_img\0007.jpg,10:50:01
./18n//trim_img\0008.jpg,10:50:03
./18n//trim_img\0009.jpg,10:50:03
./18n//trim_img\0010.jpg,10:50:06
./18n//trim_img\0011.jpg,10:50:07
./18n//trim_img\0012.jpg,10:50:08
./18n//trim_img\0013.jpg,10:50:09
./18n//trim_img\0014.jpg,10:50:10
./18n//trim_img\0015.jpg,10:50:13
./18n//trim_img\0016.jpg,10:50:14
./18n//trim_img\0017.jpg,10:50:14
./18n//trim_img\0018.jpg,10:50:15
./18n//trim_img\0019.jpg,10:50:16
./18n//trim_img\0020.jpg,10:50:17
./18n//trim_img\0021.jpg,10:50:18
./18n//trim_img\0022.jpg,10:50:19
./18n//trim_img\0023.jpg,10:50:21
./18n//trim_img\0024.jpg,10:50:21
./18n//trim_img\0025.jpg,10:50:24
./18n//trim_img\0026.jpg,10:50:27
./18n//trim_img\0027.jpg,10:50:34
./18n//trim_img\0028.jpg,10:50:38
./18n//trim_img\0029.jpg,10:50:39
./18n//trim_img\0030.jpg,10:50:41
./18n//trim_img\0031.jpg,10:50:49
./18n//trim_img\0032.jpg,10:50:55
./18n//trim_img\0033.jpg,10:50:57
./18n//trim_img\0034.jpg,10:51:01
./18n//trim_img\0035.jpg,10:52:07
./18n//trim_img\0036.jpg,10:52:08
./18n//trim_img\0037.jpg,10:52:08
./18n//trim_img\0038.jpg,10:52:24
./18n//trim_img\0039.jpg,10:52:24
./18n//trim_img\0040.jpg,10:52:27
./18n//trim_img\0041.jpg,10:52:28
./18n//trim_img\0042.jpg,10:52:30
./18n//trim_img\0043.jpg,10:52:32
./18n//trim_img\0044.jpg,10:52:33
./18n//trim_img\0045.jpg,10:52:36
./18n//trim_img\0046.jpg,10:52:37
./18n//trim_img\0047.jpg,10:52:38
./18n//trim_img\0048.jpg,10:52:38
./18n//trim_img\0049.jpg,10:52:40
./18n//trim_img\0050.jpg,10:52:40
./18n//trim_img\0051.jpg,10:52:42
./18n//trim_img\0052.jpg,10:52:44
./18n//trim_img\0053.jpg,10:52:45
./18n//trim_img\0054.jpg,10:52:47
./18n//trim_img\0055.jpg,10:52:48
./18n//trim_img\0056.jpg,10:52:50
./18n//trim_img\0057.jpg,10:52:53
./18n//trim_img\0058.jpg,10:52:54
./18n//trim_img\0059.jpg,10:53:04
./18n//trim_img\0060.jpg,10:53:04
./18n//trim_img\0061.jpg,10:53:05
./18n//trim_img\0062.jpg,10:53:10
./18n//trim_img\0063.jpg,10:53:12
./18n//trim_img\0064.jpg,10:53:15
./18n//trim_img\0065.jpg,10:53:21
./18n//trim_img\0066.jpg,10:54:29
./18n//trim_img\0067.jpg,10:54:30
./18n//trim_img\0068.jpg,10:54:33
./18n//trim_img\0069.jpg,10:54:35
./18n//trim_img\0070.jpg,10:54:39
./18n//trim_img\0071.jpg,10:54:42
./18n//trim_img\0072.jpg,10:54:43
./18n//trim_img\0073.jpg,10:54:45
./18n//trim_img\0074.jpg,10:54:50
./18n//trim_img\0075.jpg,10:54:52
./18n//trim_img\0076.jpg,10:54:53
./18n//trim_img\0077.jpg,10:54:54
./18n//trim_img\0078.jpg,10:54:54
./18n//trim_img\0079.jpg,10:54:55
./18n//trim_img\0080.jpg,10:54:56
./18n//trim_img\0081.jpg,10:54:58
./18n//trim_img\0082.jpg,10:54:59
./18n//trim_img\0083.jpg,10:55:04
./18n//trim_img\0084.jpg,10:55:09
./18n//trim_img\0085.jpg,10:55:11
./18n//trim_img\0086.jpg,10:55:28
./18n//trim_img\0087.jpg,10:55:28
./18n//trim_img\0088.jpg,10:55:31
./18n//trim_img\0089.jpg,10:55:39
./18n//trim_img\0090.jpg,10:55:44
./18n//trim_img\0091.jpg,10:55:48
./18n//trim_img\0092.jpg,10:56:47
./18n//trim_img\0093.jpg,10:56:47
./18n//trim_img\0094.jpg,10:56:49
./18n//trim_img\0095.jpg,10:57:08
./18n//trim_img\0096.jpg,10:57:08
./18n//trim_img\0097.jpg,10:57:08
./18n//trim_img\0098.jpg,10:57:10
./18n//trim_img\0099.jpg,10:57:10
./18n//trim_img\0100.jpg,10:57:12
./18n//trim_img\0101.jpg,10:57:14
./18n//trim_img\0102.jpg,10:57:14
./18n//trim_img\0103.jpg,10:57:15
./18n//trim_img\0104.jpg,10:57:16
./18n//trim_img\0105.jpg,10:57:18
./18n//trim_img\0106.jpg,10:57:20
./18n//trim_img\0107.jpg,10:57:22
./18n//trim_img\0108.jpg,10:57:23
./18n//trim_img\0109.jpg,10:57:24
./18n//trim_img\0110.jpg,10:57:25
./18n//trim_img\0111.jpg,10:57:26
./18n//trim_img\0112.jpg,10:57:29
./18n//trim_img\0113.jpg,10:57:32
./18n//trim_img\0114.jpg,10:57:34
./18n//trim_img\0115.jpg,10:57:38
./18n//trim_img\0116.jpg,10:57:39
./18n//trim_img\0117.jpg,10:57:39
./18n//trim_img\0118.jpg,10:57:44
./18n//trim_img\0119.jpg,10:57:44
./18n//trim_img\0120.jpg,10:57:45
./18n//trim_img\0121.jpg,10:57:47
./18n//trim_img\0122.jpg,10:57:51
./18n//trim_img\0123.jpg,10:59:08
./18n//trim_img\0124.jpg,10:59:09
./18n//trim_img\0125.jpg,10:59:09
./18n//trim_img\0126.jpg,10:59:09
./18n//trim_img\0127.jpg,10:59:11
./18n//trim_img\0128.jpg,10:59:12
./18n//trim_img\0129.jpg,10:59:14
./18n//trim_img\0130.jpg,10:59:24
./18n//trim_img\0131.jpg,10:59:26
./18n//trim_img\0132.jpg,10:59:29
./18n//trim_img\0133.jpg,10:59:30
./18n//trim_img\0134.jpg,10:59:31
./18n//trim_img\0135.jpg,10:59:32
./18n//trim_img\0136.jpg,10:59:35
./18n//trim_img\0137.jpg,10:59:36
./18n//trim_img\0138.jpg,10:59:39
./18n//trim_img\0139.jpg,10:59:45
./18n//trim_img\0140.jpg,10:59:50
./18n//trim_img\0141.jpg,10:59:53
./18n//trim_img\0142.jpg,11:00:01
./18n//trim_img\0143.jpg,11:00:05
./18n//trim_img\0144.jpg,11:00:07
./18n//trim_img\0145.jpg,11:00:07
./18n//trim_img\0146.jpg,11:00:10
./18n//trim_img\0147.jpg,11:00:11
./18n//trim_img\0148.jpg,11:00:12
./18n//trim_img\0149.jpg,11:00:13
./18n//trim_img\0150.jpg,11:00:15
./18n//trim_img\0151.jpg,11:00:20
./18n//trim_img\0152.jpg,11:00:22
./18n//trim_img\0153.jpg,11:00:24
./18n//trim_img\0154.jpg,11:01:45
./18n//trim_img\0155.jpg,11:01:45
./18n//trim_img\0156.jpg,11:01:46
./18n//trim_img\0157.jpg,11:01:48
./18n//trim_img\0158.jpg,11:01:49
./18n//trim_img\0159.jpg,11:01:50
./18n//trim_img\0160.jpg,11:01:52
./18n//trim_img\0161.jpg,11:01:54
./18n//trim_img\0162.jpg,11:01:56
./18n//trim_img\0163.jpg,11:01:59
./18n//trim_img\0164.jpg,11:02:08
./18n//trim_img\0165.jpg,11:02:11
./18n//trim_img\0166.jpg,11:02:12
./18n//trim_img\0167.jpg,11:02:12
./18n//trim_img\0168.jpg,11:02:13
./18n//trim_img\0169.jpg,11:02:14
./18n//trim_img\0170.jpg,11:02:14
./18n//trim_img\0171.jpg,11:02:15
./18n//trim_img\0172.jpg,11:02:17
./18n//trim_img\0173.jpg,11:02:17
./18n//trim_img\0174.jpg,11:02:18
./18n//trim_img\0175.jpg,11:02:19
./18n//trim_img\0176.jpg,11:02:20
./18n//trim_img\0177.jpg,11:02:22
./18n//trim_img\0178.jpg,11:02:24
./18n//trim_img\0179.jpg,11:02:24
./18n//trim_img\0180.jpg,11:02:26
./18n//trim_img\0181.jpg,11:02:30
./18n//trim_img\0182.jpg,11:02:32
./18n//trim_img\0183.jpg,11:02:34
./18n//trim_img\0184.jpg,11:02:46
./18n//trim_img\0185.jpg,11:02:47
./18n//trim_img\0186.jpg,11:02:54
./18n//trim_img\0187.jpg,11:03:31
./18n//trim_img\0188.jpg,11:03:50
./18n//trim_img\0189.jpg,11:03:52
./18n//trim_img\0190.jpg,11:03:56
./18n//trim_img\0191.jpg,11:03:57
./18n//trim_img\0192.jpg,11:03:58
./18n//trim_img\0193.jpg,11:04:03
./18n//trim_img\0194.jpg,11:04:05
./18n//trim_img\0195.jpg,11:04:08
./18n//trim_img\0196.jpg,11:04:08
./18n//trim_img\0197.jpg,11:04:09
./18n//trim_img\0198.jpg,11:04:10
./18n//trim_img\0199.jpg,11:04:12
./18n//trim_img\0200.jpg,11:04:12
./18n//trim_img\0201.jpg,11:04:13
./18n//trim_img\0202.jpg,11:04:14
./18n//trim_img\0203.jpg,11:04:15
./18n//trim_img\0204.jpg,11:04:16
./18n//trim_img\0205.jpg,11:04:17
./18n//trim_img\0206.jpg,11:04:18
./18n//trim_img\0207.jpg,11:04:20
./18n//trim_img\0208.jpg,11:04:21
./18n//trim_img\0209.jpg,11:04:24
./18n//trim_img\0210.jpg,11:04:26
./18n//trim_img\0211.jpg,11:04:28
./18n//trim_img\0212.jpg,11:04:34
./18n//trim_img\0213.jpg,11:04:34
./18n//trim_img\0214.jpg,11:04:35
./18n//trim_img\0215.jpg,11:04:41
./18n//trim_img\0216.jpg,11:04:51
./18n//trim_img\0217.jpg,11:04:53
./18n//trim_img\0218.jpg,11:04:56
./18n//trim_img\0219.jpg,11:05:00
./18n//trim_img\0220.jpg,11:05:01
./18n//trim_img\0221.jpg,11:06:10
./18n//trim_img\0222.jpg,11:06:11
./18n//trim_img\0223.jpg,11:06:12
./18n//trim_img\0224.jpg,11:06:12
./18n//trim_img\0225.jpg,11:06:14
./18n//trim_img\0226.jpg,11:06:15
./18n//trim_img\0227.jpg,11:06:16
./18n//trim_img\0228.jpg,11:06:19
./18n//trim_img\0229.jpg,11:06:20
./18n//trim_img\0230.jpg,11:06:21
./18n//trim_img\0231.jpg,11:06:24
./18n//trim_img\0232.jpg,11:06:30
./18n//trim_img\0233.jpg,11:06:34
./18n//trim_img\0234.jpg,11:06:35
./18n//trim_img\0235.jpg,11:06:36
./18n//trim_img\0236.jpg,11:06:37
./18n//trim_img\0237.jpg,11:06:38
./18n//trim_img\0238.jpg,11:06:40
./18n//trim_img\0239.jpg,11:06:40
./18n//trim_img\0240.jpg,11:06:43
./18n//trim_img\0241.jpg,11:06:44
./18n//trim_img\0242.jpg,11:06:45
./18n//trim_img\0243.jpg,11:06:45
./18n//trim_img\0244.jpg,11:06:47
./18n//trim_img\0245.jpg,11:06:49
./18n//trim_img\0246.jpg,11:06:50
./18n//trim_img\0247.jpg,11:06:51
./18n//trim_img\0248.jpg,11:06:52
./18n//trim_img\0249.jpg,11:06:52
./18n//trim_img\0250.jpg,11:06:53
./18n//trim_img\0251.jpg,11:06:54
./18n//trim_img\0252.jpg,11:06:55
./18n//trim_img\0253.jpg,11:06:56
./18n//trim_img\0254.jpg,11:06:57
./18n//trim_img\0255.jpg,11:06:59
./18n//trim_img\0256.jpg,11:07:03
./18n//trim_img\0257.jpg,11:07:05
./18n//trim_img\0258.jpg,11:07:09
./18n//trim_img\0259.jpg,11:07:10
./18n//trim_img\0260.jpg,11:07:10
./18n//trim_img\0261.jpg,11:07:12
./18n//trim_img\0262.jpg,11:07:14
./18n//trim_img\0263.jpg,11:07:16
./18n//trim_img\0264.jpg,11:07:17
./18n//trim_img\0265.jpg,11:07:20
./18n//trim_img\0266.jpg,11:07:21
./18n//trim_img\0267.jpg,11:07:24
./18n//trim_img\0268.jpg,11:07:29
./18n//trim_img\0269.jpg,11:07:32
./18n//trim_img\0270.jpg,11:08:37
./18n//trim_img\0271.jpg,11:08:39
./18n//trim_img\0272.jpg,11:08:42
./18n//trim_img\0273.jpg,11:08:42
./18n//trim_img\0274.jpg,11:08:43
./18n//trim_img\0275.jpg,11:08:46
./18n//trim_img\0276.jpg,11:08:48
./18n//trim_img\0277.jpg,11:08:51
./18n//trim_img\0278.jpg,11:08:52
./18n//trim_img\0279.jpg,11:08:54
./18n//trim_img\0280.jpg,11:08:54
./18n//trim_img\0281.jpg,11:08:56
./18n//trim_img\0282.jpg,11:08:57
./18n//trim_img\0283.jpg,11:08:58
./18n//trim_img\0284.jpg,11:08:59
./18n//trim_img\0285.jpg,11:08:59
./18n//trim_img\0286.jpg,11:09:00
./18n//trim_img\0287.jpg,11:09:27
./18n//trim_img\0288.jpg,11:09:30
./18n//trim_img\0289.jpg,11:09:31
./18n//trim_img\0290.jpg,11:09:41
./18n//trim_img\0291.jpg,11:10:48
./18n//trim_img\0292.jpg,11:10:53
./18n//trim_img\0293.jpg,11:10:56
./18n//trim_img\0294.jpg,11:10:56
./18n//trim_img\0295.jpg,11:10:57
./18n//trim_img\0296.jpg,11:11:00
./18n//trim_img\0297.jpg,11:11:12
./18n//trim_img\0298.jpg,11:11:12
./18n//trim_img\0299.jpg,11:11:13
./18n//trim_img\0300.jpg,11:11:14
./18n//trim_img\0301.jpg,11:11:15
./18n//trim_img\0302.jpg,11:11:15
./18n//trim_img\0303.jpg,11:11:16
./18n//trim_img\0304.jpg,11:11:17
./18n//trim_img\0305.jpg,11:11:17
./18n//trim_img\0306.jpg,11:11:19
./18n//trim_img\0307.jpg,11:11:19
./18n//trim_img\0308.jpg,11:11:20
./18n//trim_img\0309.jpg,11:11:21
./18n//trim_img\0310.jpg,11:11:24
./18n//trim_img\0311.jpg,11:11:26
./18n//trim_img\0312.jpg,11:11:27
./18n//trim_img\0313.jpg,11:11:30
./18n//trim_img\0314.jpg,11:11:36
./18n//trim_img\0315.jpg,11:11:37
./18n//trim_img\0316.jpg,11:11:45
./18n//trim_img\0317.jpg,11:11:47
./18n//trim_img\0318.jpg,11:11:48
./18n//trim_img\0319.jpg,11:11:54
./18n//trim_img\0320.jpg,11:11:56
./18n//trim_img\0321.jpg,11:11:56
./18n//trim_img\0322.jpg,11:11:59
./18n//trim_img\0323.jpg,11:13:07
./18n//trim_img\0324.jpg,11:13:08
./18n//trim_img\0325.jpg,11:13:09
./18n//trim_img\0326.jpg,11:13:10
./18n//trim_img\0327.jpg,11:13:11
./18n//trim_img\0328.jpg,11:13:14
./18n//trim_img\0329.jpg,11:13:17
./18n//trim_img\0330.jpg,11:13:17
./18n//trim_img\0331.jpg,11:13:19
./18n//trim_img\0332.jpg,11:13:21
./18n//trim_img\0333.jpg,11:13:23
./18n//trim_img\0334.jpg,11:13:24
./18n//trim_img\0335.jpg,11:13:25
./18n//trim_img\0336.jpg,11:13:27
./18n//trim_img\0337.jpg,11:13:27
./18n//trim_img\0338.jpg,11:13:28
./18n//trim_img\0339.jpg,11:13:29
./18n//trim_img\0340.jpg,11:13:31
./18n//trim_img\0341.jpg,11:13:32
./18n//trim_img\0342.jpg,11:13:32
./18n//trim_img\0343.jpg,11:13:33
./18n//trim_img\0344.jpg,11:13:35
./18n//trim_img\0345.jpg,11:13:35
./18n//trim_img\0346.jpg,11:13:37
./18n//trim_img\0347.jpg,11:13:37
./18n//trim_img\0348.jpg,11:13:43
./18n//trim_img\0349.jpg,11:13:43
./18n//trim_img\0350.jpg,11:13:44
./18n//trim_img\0351.jpg,11:13:44
./18n//trim_img\0352.jpg,11:13:47
./18n//trim_img\0353.jpg,11:13:48
./18n//trim_img\0354.jpg,11:13:50
./18n//trim_img\0355.jpg,11:13:51
./18n//trim_img\0356.jpg,11:13:52
./18n//trim_img\0357.jpg,11:13:53
./18n//trim_img\0358.jpg,11:13:56
./18n//trim_img\0359.jpg,11:13:57
./18n//trim_img\0360.jpg,11:14:05
./18n//trim_img\0361.jpg,11:14:15
./18n//trim_img\0362.jpg,11:14:15
./18n//trim_img\0363.jpg,11:14:16
./18n//trim_img\0364.jpg,11:15:26
./18n//trim_img\0365.jpg,11:15:26
./18n//trim_img\0366.jpg,11:15:27
./18n//trim_img\0367.jpg,11:15:29
./18n//trim_img\0368.jpg,11:15:30
./18n//trim_img\0369.jpg,11:15:36
./18n//trim_img\0370.jpg,11:15:38
./18n//trim_img\0371.jpg,11:15:39
./18n//trim_img\0372.jpg,11:15:39
./18n//trim_img\0373.jpg,11:15:44
./18n//trim_img\0374.jpg,11:15:45
./18n//trim_img\0375.jpg,11:15:47
./18n//trim_img\0376.jpg,11:15:47
./18n//trim_img\0377.jpg,11:15:50
./18n//trim_img\0378.jpg,11:15:54
./18n//trim_img\0379.jpg,11:15:54
./18n//trim_img\0380.jpg,11:15:55
./18n//trim_img\0381.jpg,11:15:56
./18n//trim_img\0382.jpg,11:15:59
./18n//trim_img\0383.jpg,11:15:59
./18n//trim_img\0384.jpg,11:16:00
./18n//trim_img\0385.jpg,11:16:03
./18n//trim_img\0386.jpg,11:16:05
./18n//trim_img\0387.jpg,11:16:06
./18n//trim_img\0388.jpg,11:16:07
./18n//trim_img\0389.jpg,11:16:08
./18n//trim_img\0390.jpg,11:16:09
./18n//trim_img\0391.jpg,11:16:10
./18n//trim_img\0392.jpg,11:16:12
./18n//trim_img\0393.jpg,11:16:13
./18n//trim_img\0394.jpg,11:16:15
./18n//trim_img\0395.jpg,11:16:16
./18n//trim_img\0396.jpg,11:16:17
./18n//trim_img\0397.jpg,11:16:19
./18n//trim_img\0398.jpg,11:16:28
./18n//trim_img\0399.jpg,11:16:30
./18n//trim_img\0400.jpg,11:16:30
./18n//trim_img\0401.jpg,11:16:32
./18n//trim_img\0402.jpg,11:16:32
./18n//trim_img\0403.jpg,11:16:33
./18n//trim_img\0404.jpg,11:16:35
./18n//trim_img\0405.jpg,11:16:38
./18n//trim_img\0406.jpg,11:16:40
./18n//trim_img\0407.jpg,11:16:40
./18n//trim_img\0408.jpg,11:17:40
./18n//trim_img\0409.jpg,11:17:40
./18n//trim_img\0410.jpg,11:17:42
./18n//trim_img\0411.jpg,11:17:45
./18n//trim_img\0412.jpg,11:17:45
./18n//trim_img\0413.jpg,11:17:49
./18n//trim_img\0414.jpg,11:17:54
./18n//trim_img\0415.jpg,11:17:56
./18n//trim_img\0416.jpg,11:18:01
./18n//trim_img\0417.jpg,11:18:01
./18n//trim_img\0418.jpg,11:18:06
./18n//trim_img\0419.jpg,11:18:09
./18n//trim_img\0420.jpg,11:18:12
./18n//trim_img\0421.jpg,11:18:12
./18n//trim_img\0422.jpg,11:18:15
./18n//trim_img\0423.jpg,11:18:16
./18n//trim_img\0424.jpg,11:18:18
./18n//trim_img\0425.jpg,11:18:18
./18n//trim_img\0426.jpg,11:18:19
./18n//trim_img\0427.jpg,11:18:20
./18n//trim_img\0428.jpg,11:18:21
./18n//trim_img\0429.jpg,11:18:22
./18n//trim_img\0430.jpg,11:18:23
./18n//trim_img\0431.jpg,11:18:24
./18n//trim_img\0432.jpg,11:18:25
./18n//trim_img\0433.jpg,11:18:26
./18n//trim_img\0434.jpg,11:18:27
./18n//trim_img\0435.jpg,11:18:31
./18n//trim_img\0436.jpg,11:18:38
./18n//trim_img\0437.jpg,11:18:46
./18n//trim_img\0438.jpg,11:18:49
./18n//trim_img\0439.jpg,11:18:54
./18n//trim_img\0440.jpg,11:18:58
./18n//trim_img\0441.jpg,11:18:58
./18n//trim_img\0442.jpg,11:19:02
./18n//trim_img\0443.jpg,11:19:05
./18n//trim_img\0444.jpg,11:20:05
./18n//trim_img\0445.jpg,11:20:06
./18n//trim_img\0446.jpg,11:20:06
./18n//trim_img\0447.jpg,11:20:07
./18n//trim_img\0448.jpg,11:20:09
./18n//trim_img\0449.jpg,11:20:12
./18n//trim_img\0450.jpg,11:20:12
./18n//trim_img\0451.jpg,11:20:15
./18n//trim_img\0452.jpg,11:20:21
./18n//trim_img\0453.jpg,11:20:22
./18n//trim_img\0454.jpg,11:20:25
./18n//trim_img\0455.jpg,11:20:28
./18n//trim_img\0456.jpg,11:20:29
./18n//trim_img\0457.jpg,11:20:30
./18n//trim_img\0458.jpg,11:20:31
./18n//trim_img\0459.jpg,11:20:32
./18n//trim_img\0460.jpg,11:20:33
./18n//trim_img\0461.jpg,11:20:34
./18n//trim_img\0462.jpg,11:20:34
./18n//trim_img\0463.jpg,11:20:37
./18n//trim_img\0464.jpg,11:20:39
./18n//trim_img\0465.jpg,11:20:41
./18n//trim_img\0466.jpg,11:20:46
./18n//trim_img\0467.jpg,11:20:47
./18n//trim_img\0468.jpg,11:20:55
./18n//trim_img\0469.jpg,11:21:09
./18n//trim_img\0470.jpg,11:21:10
./18n//trim_img\0471.jpg,11:21:12
./18n//trim_img\0472.jpg,11:21:12
./18n//trim_img\0473.jpg,11:21:16
./18n//trim_img\0474.jpg,11:21:21
./18n//trim_img\0475.jpg,11:21:24
./18n//trim_img\0476.jpg,11:21:30
./18n//trim_img\0477.jpg,11:22:25
./18n//trim_img\0478.jpg,11:22:27
./18n//trim_img\0479.jpg,11:22:28
./18n//trim_img\0480.jpg,11:22:32
./18n//trim_img\0481.jpg,11:22:35
./18n//trim_img\0482.jpg,11:22:36
./18n//trim_img\0483.jpg,11:22:38
./18n//trim_img\0484.jpg,11:22:39
./18n//trim_img\0485.jpg,11:22:41
./18n//trim_img\0486.jpg,11:22:44
./18n//trim_img\0487.jpg,11:22:47
./18n//trim_img\0488.jpg,11:22:48
./18n//trim_img\0489.jpg,11:22:49
./18n//trim_img\0490.jpg,11:22:50
./18n//trim_img\0491.jpg,11:22:51
./18n//trim_img\0492.jpg,11:22:52
./18n//trim_img\0493.jpg,11:22:53
./18n//trim_img\0494.jpg,11:22:55
./18n//trim_img\0495.jpg,11:22:56
./18n//trim_img\0496.jpg,11:22:57
./18n//trim_img\0497.jpg,11:22:59
./18n//trim_img\0498.jpg,11:23:00
./18n//trim_img\0499.jpg,11:23:00
./18n//trim_img\0500.jpg,11:23:01
./18n//trim_img\0501.jpg,11:23:02
./18n//trim_img\0502.jpg,11:23:03
./18n//trim_img\0503.jpg,11:23:05
./18n//trim_img\0504.jpg,11:23:07
./18n//trim_img\0505.jpg,11:23:07
./18n//trim_img\0506.jpg,11:23:09
./18n//trim_img\0507.jpg,11:23:10
./18n//trim_img\0508.jpg,11:23:10
./18n//trim_img\0509.jpg,11:23:14
./18n//trim_img\0510.jpg,11:23:14
./18n//trim_img\0511.jpg,11:23:17
./18n//trim_img\0512.jpg,11:23:18
./18n//trim_img\0513.jpg,11:23:21
./18n//trim_img\0514.jpg,11:23:32
./18n//trim_img\0515.jpg,11:23:35
./18n//trim_img\0516.jpg,11:23:36
./18n//trim_img\0517.jpg,11:23:37
./18n//trim_img\0518.jpg,11:23:38
./18n//trim_img\0519.jpg,11:23:39
./18n//trim_img\0520.jpg,11:23:40
./18n//trim_img\0521.jpg,11:23:40
./18n//trim_img\0522.jpg,11:24:47
./18n//trim_img\0523.jpg,11:24:48
./18n//trim_img\0524.jpg,11:24:49
./18n//trim_img\0525.jpg,11:24:51
./18n//trim_img\0526.jpg,11:24:55
./18n//trim_img\0527.jpg,11:25:02
./18n//trim_img\0528.jpg,11:25:06
./18n//trim_img\0529.jpg,11:25:08
./18n//trim_img\0530.jpg,11:25:09
./18n//trim_img\0531.jpg,11:25:09
./18n//trim_img\0532.jpg,11:25:10
./18n//trim_img\0533.jpg,11:25:12
./18n//trim_img\0534.jpg,11:25:14
./18n//trim_img\0535.jpg,11:25:14
./18n//trim_img\0536.jpg,11:25:16
./18n//trim_img\0537.jpg,11:25:16
./18n//trim_img\0538.jpg,11:25:17
./18n//trim_img\0539.jpg,11:25:17
./18n//trim_img\0540.jpg,11:25:20
./18n//trim_img\0541.jpg,11:25:22
./18n//trim_img\0542.jpg,11:25:22
./18n//trim_img\0543.jpg,11:25:24
./18n//trim_img\0544.jpg,11:25:26
./18n//trim_img\0545.jpg,11:25:28
./18n//trim_img\0546.jpg,11:25:29
./18n//trim_img\0547.jpg,11:25:29
./18n//trim_img\0548.jpg,11:25:31
./18n//trim_img\0549.jpg,11:25:32
./18n//trim_img\0550.jpg,11:25:35
./18n//trim_img\0551.jpg,11:25:36
./18n//trim_img\0552.jpg,11:25:39
./18n//trim_img\0553.jpg,11:25:41
./18n//trim_img\0554.jpg,11:25:42
./18n//trim_img\0555.jpg,11:25:48
./18n//trim_img\0556.jpg,11:25:48
./18n//trim_img\0557.jpg,11:25:49
./18n//trim_img\0558.jpg,11:25:51
./18n//trim_img\0559.jpg,11:25:51
./18n//trim_img\0560.jpg,11:25:54
./18n//trim_img\0561.jpg,11:25:55
./18n//trim_img\0562.jpg,11:27:09
./18n//trim_img\0563.jpg,11:27:12
./18n//trim_img\0564.jpg,11:27:13
./18n//trim_img\0565.jpg,11:27:13
./18n//trim_img\0566.jpg,11:27:15
./18n//trim_img\0567.jpg,11:27:16
./18n//trim_img\0568.jpg,11:27:17
./18n//trim_img\0569.jpg,11:27:18
./18n//trim_img\0570.jpg,11:27:19
./18n//trim_img\0571.jpg,11:27:20
./18n//trim_img\0572.jpg,11:27:31
./18n//trim_img\0573.jpg,11:27:33
./18n//trim_img\0574.jpg,11:27:33
./18n//trim_img\0575.jpg,11:27:35
./18n//trim_img\0576.jpg,11:27:36
./18n//trim_img\0577.jpg,11:27:37
./18n//trim_img\0578.jpg,11:27:38
./18n//trim_img\0579.jpg,11:27:39
./18n//trim_img\0580.jpg,11:27:39
./18n//trim_img\0581.jpg,11:27:44
./18n//trim_img\0582.jpg,11:27:45
./18n//trim_img\0583.jpg,11:27:46
./18n//trim_img\0584.jpg,11:27:47
./18n//trim_img\0585.jpg,11:27:48
./18n//trim_img\0586.jpg,11:27:52
./18n//trim_img\0587.jpg,11:27:55
./18n//trim_img\0588.jpg,11:27:58
./18n//trim_img\0589.jpg,11:28:01
./18n//trim_img\0590.jpg,11:28:03
./18n//trim_img\0591.jpg,11:28:09
./18n//trim_img\0592.jpg,11:28:11
./18n//trim_img\0593.jpg,11:28:12
./18n//trim_img\0594.jpg,11:28:14
./18n//trim_img\0595.jpg,11:28:15
./18n//trim_img\0596.jpg,11:28:15
./18n//trim_img\0597.jpg,11:28:17
./18n//trim_img\0598.jpg,11:28:19
./18n//trim_img\0599.jpg,11:28:20
./18n//trim_img\0600.jpg,11:28:24
./18n//trim_img\0601.jpg,11:28:32
./18n//trim_img\0602.jpg,11:28:37
./18n//trim_img\0603.jpg,11:29:38
./18n//trim_img\0604.jpg,11:29:38
./18n//trim_img\0605.jpg,11:29:39
./18n//trim_img\0606.jpg,11:29:39
./18n//trim_img\0607.jpg,11:29:40
./18n//trim_img\0608.jpg,11:29:40
./18n//trim_img\0609.jpg,11:29:40
./18n//trim_img\0610.jpg,11:29:44
./18n//trim_img\0611.jpg,11:29:49
./18n//trim_img\0612.jpg,11:29:49
./18n//trim_img\0613.jpg,11:29:51
./18n//trim_img\0614.jpg,11:29:51
./18n//trim_img\0615.jpg,11:29:53
./18n//trim_img\0616.jpg,11:29:54
./18n//trim_img\0617.jpg,11:29:56
./18n//trim_img\0618.jpg,11:29:56
./18n//trim_img\0619.jpg,11:29:58
./18n//trim_img\0620.jpg,11:29:59
./18n//trim_img\0621.jpg,11:30:00
./18n//trim_img\0622.jpg,11:30:04
./18n//trim_img\0623.jpg,11:30:05
./18n//trim_img\0624.jpg,11:30:05
./18n//trim_img\0625.jpg,11:30:07
./18n//trim_img\0626.jpg,11:30:09
./18n//trim_img\0627.jpg,11:30:14
./18n//trim_img\0628.jpg,11:30:22
./18n//trim_img\0629.jpg,11:30:23
./18n//trim_img\0630.jpg,11:30:23
./18n//trim_img\0631.jpg,11:30:25
./18n//trim_img\0632.jpg,11:30:38
./18n//trim_img\0633.jpg,11:30:39
./18n//trim_img\0634.jpg,11:30:41
./18n//trim_img\0635.jpg,11:30:42
./18n//trim_img\0636.jpg,11:30:42
./18n//trim_img\0637.jpg,11:30:44
./18n//trim_img\0638.jpg,11:30:44
./18n//trim_img\0639.jpg,11:30:45
./18n//trim_img\0640.jpg,11:31:34
./18n//trim_img\0641.jpg,11:31:50
./18n//trim_img\0642.jpg,11:31:51
./18n//trim_img\0643.jpg,11:31:52
./18n//trim_img\0644.jpg,11:31:53
./18n//trim_img\0645.jpg,11:31:57
./18n//trim_img\0646.jpg,11:31:59
./18n//trim_img\0647.jpg,11:32:00
./18n//trim_img\0648.jpg,11:32:00
./18n//trim_img\0649.jpg,11:32:02
./18n//trim_img\0650.jpg,11:32:10
./18n//trim_img\0651.jpg,11:32:10
./18n//trim_img\0652.jpg,11:32:10
./18n//trim_img\0653.jpg,11:32:11
./18n//trim_img\0654.jpg,11:32:13
./18n//trim_img\0655.jpg,11:32:16
./18n//trim_img\0656.jpg,11:32:16
./18n//trim_img\0657.jpg,11:32:18
./18n//trim_img\0658.jpg,11:32:19
./18n//trim_img\0659.jpg,11:32:21
./18n//trim_img\0660.jpg,11:32:22
./18n//trim_img\0661.jpg,11:32:24
./18n//trim_img\0662.jpg,11:32:24
./18n//trim_img\0663.jpg,11:32:25
./18n//trim_img\0664.jpg,11:32:26
./18n//trim_img\0665.jpg,11:32:26
./18n//trim_img\0666.jpg,11:32:28
./18n//trim_img\0667.jpg,11:32:28
./18n//trim_img\0668.jpg,11:32:29
./18n//trim_img\0669.jpg,11:32:31
./18n//trim_img\0670.jpg,11:32:33
./18n//trim_img\0671.jpg,11:32:34
./18n//trim_img\0672.jpg,11:32:36
./18n//trim_img\0673.jpg,11:32:36
./18n//trim_img\0674.jpg,11:32:38
./18n//trim_img\0675.jpg,11:32:41
./18n//trim_img\0676.jpg,11:32:42
./18n//trim_img\0677.jpg,11:32:43
./18n//trim_img\0678.jpg,11:32:47
./18n//trim_img\0679.jpg,11:32:49
./18n//trim_img\0680.jpg,11:34:09
./18n//trim_img\0681.jpg,11:34:10
./18n//trim_img\0682.jpg,11:34:10
./18n//trim_img\0683.jpg,11:34:11
./18n//trim_img\0684.jpg,11:34:12
./18n//trim_img\0685.jpg,11:34:14
./18n//trim_img\0686.jpg,11:34:15
./18n//trim_img\0687.jpg,11:34:16
./18n//trim_img\0688.jpg,11:34:19
./18n//trim_img\0689.jpg,11:34:22
./18n//trim_img\0690.jpg,11:34:23
./18n//trim_img\0691.jpg,11:34:24
./18n//trim_img\0692.jpg,11:34:26
./18n//trim_img\0693.jpg,11:34:27
./18n//trim_img\0694.jpg,11:34:27
./18n//trim_img\0695.jpg,11:34:29
./18n//trim_img\0696.jpg,11:34:29
./18n//trim_img\0697.jpg,11:34:32
./18n//trim_img\0698.jpg,11:34:33
./18n//trim_img\0699.jpg,11:34:35
./18n//trim_img\0700.jpg,11:34:35
./18n//trim_img\0701.jpg,11:34:37
./18n//trim_img\0702.jpg,11:34:40
./18n//trim_img\0703.jpg,11:34:41
./18n//trim_img\0704.jpg,11:34:42
./18n//trim_img\0705.jpg,11:34:44
./18n//trim_img\0706.jpg,11:34:45
./18n//trim_img\0707.jpg,11:34:47
./18n//trim_img\0708.jpg,11:34:55
./18n//trim_img\0709.jpg,11:35:06
./18n//trim_img\0710.jpg,11:35:12
./18n//trim_img\0711.jpg,11:35:17
./18n//trim_img\0712.jpg,11:35:18
./18n//trim_img\0713.jpg,11:35:20
./18n//trim_img\0714.jpg,11:35:23
./18n//trim_img\0715.jpg,11:35:23
./18n//trim_img\0716.jpg,11:36:26
./18n//trim_img\0717.jpg,11:36:28
./18n//trim_img\0718.jpg,11:36:29
./18n//trim_img\0719.jpg,11:36:29
./18n//trim_img\0720.jpg,11:36:33
./18n//trim_img\0721.jpg,11:36:34
./18n//trim_img\0722.jpg,11:36:37
./18n//trim_img\0723.jpg,11:36:38
./18n//trim_img\0724.jpg,11:36:41
./18n//trim_img\0725.jpg,11:36:43
./18n//trim_img\0726.jpg,11:36:45
./18n//trim_img\0727.jpg,11:36:46
./18n//trim_img\0728.jpg,11:36:50
./18n//trim_img\0729.jpg,11:36:51
./18n//trim_img\0730.jpg,11:36:51
./18n//trim_img\0731.jpg,11:36:55
./18n//trim_img\0732.jpg,11:36:57
./18n//trim_img\0733.jpg,11:36:58
./18n//trim_img\0734.jpg,11:37:01
./18n//trim_img\0735.jpg,11:37:04
./18n//trim_img\0736.jpg,11:37:04
./18n//trim_img\0737.jpg,11:37:06
./18n//trim_img\0738.jpg,11:37:08
./18n//trim_img\0739.jpg,11:37:09
./18n//trim_img\0740.jpg,11:37:11
./18n//trim_img\0741.jpg,11:37:12
./18n//trim_img\0742.jpg,11:37:13
./18n//trim_img\0743.jpg,11:37:15
./18n//trim_img\0744.jpg,11:37:18
./18n//trim_img\0745.jpg,11:37:19
./18n//trim_img\0746.jpg,11:37:23
./18n//trim_img\0747.jpg,11:37:24
./18n//trim_img\0748.jpg,11:37:24
./18n//trim_img\0749.jpg,11:37:24
./18n//trim_img\0750.jpg,11:37:26
./18n//trim_img\0751.jpg,11:37:27
./18n//trim_img\0752.jpg,11:37:36
./18n//trim_img\0753.jpg,11:37:37
./18n//trim_img\0754.jpg,11:37:38
./18n//trim_img\0755.jpg,11:37:39
./18n//trim_img\0756.jpg,11:38:47
./18n//trim_img\0757.jpg,11:38:51
./18n//trim_img\0758.jpg,11:38:52
./18n//trim_img\0759.jpg,11:38:55
./18n//trim_img\0760.jpg,11:38:56
./18n//trim_img\0761.jpg,11:38:58
./18n//trim_img\0762.jpg,11:39:00
./18n//trim_img\0763.jpg,11:39:04
./18n//trim_img\0764.jpg,11:39:06
./18n//trim_img\0765.jpg,11:39:07
./18n//trim_img\0766.jpg,11:39:09
./18n//trim_img\0767.jpg,11:39:11
./18n//trim_img\0768.jpg,11:39:13
./18n//trim_img\0769.jpg,11:39:16
./18n//trim_img\0770.jpg,11:39:17
./18n//trim_img\0771.jpg,11:39:19
./18n//trim_img\0772.jpg,11:39:22
./18n//trim_img\0773.jpg,11:39:30
./18n//trim_img\0774.jpg,11:39:33
./18n//trim_img\0775.jpg,11:39:35
./18n//trim_img\0776.jpg,11:39:36
./18n//trim_img\0777.jpg,11:39:36
./18n//trim_img\0778.jpg,11:39:38
./18n//trim_img\0779.jpg,11:39:41
./18n//trim_img\0780.jpg,11:39:41
./18n//trim_img\0781.jpg,11:39:45
./18n//trim_img\0782.jpg,11:39:45
./18n//trim_img\0783.jpg,11:39:47
./18n//trim_img\0784.jpg,11:39:47
./18n//trim_img\0785.jpg,11:39:49
./18n//trim_img\0786.jpg,11:39:52
./18n//trim_img\0787.jpg,11:39:53
./18n//trim_img\0788.jpg,11:39:54
./18n//trim_img\0789.jpg,11:39:55
./18n//trim_img\0790.jpg,11:39:57
./18n//trim_img\0791.jpg,11:40:09
./18n//trim_img\0792.jpg,11:41:07
./18n//trim_img\0793.jpg,11:41:08
./18n//trim_img\0794.jpg,11:41:10
./18n//trim_img\0795.jpg,11:41:14
./18n//trim_img\0796.jpg,11:41:12
./18n//trim_img\0797.jpg,11:41:14
./18n//trim_img\0798.jpg,11:41:16
./18n//trim_img\0799.jpg,11:41:16
./18n//trim_img\0800.jpg,11:41:17
./18n//trim_img\0801.jpg,11:41:19
./18n//trim_img\0802.jpg,11:41:21
./18n//trim_img\0803.jpg,11:41:24
./18n//trim_img\0804.jpg,11:41:29
./18n//trim_img\0805.jpg,11:41:30
./18n//trim_img\0806.jpg,11:41:30
./18n//trim_img\0807.jpg,11:41:32
./18n//trim_img\0808.jpg,11:41:33
./18n//trim_img\0809.jpg,11:41:36
./18n//trim_img\0810.jpg,11:41:37
./18n//trim_img\0811.jpg,11:41:40
./18n//trim_img\0812.jpg,11:41:43
./18n//trim_img\0813.jpg,11:41:43
./18n//trim_img\0814.jpg,11:41:43
./18n//trim_img\0815.jpg,11:41:45
./18n//trim_img\0816.jpg,11:41:47
./18n//trim_img\0817.jpg,11:41:48
./18n//trim_img\0818.jpg,11:41:48
./18n//trim_img\0819.jpg,11:41:49
./18n//trim_img\0820.jpg,11:41:50
./18n//trim_img\0821.jpg,11:41:51
./18n//trim_img\0822.jpg,11:41:51
./18n//trim_img\0823.jpg,11:41:53
./18n//trim_img\0824.jpg,11:41:54
./18n//trim_img\0825.jpg,11:41:59
./18n//trim_img\0826.jpg,11:42:02
./18n//trim_img\0827.jpg,11:42:04
./18n//trim_img\0828.jpg,11:42:06
./18n//trim_img\0830.jpg,11:42:12
./18n//trim_img\0831.jpg,11:42:13
./18n//trim_img\0832.jpg,11:42:14
./18n//trim_img\0833.jpg,11:42:17
./18n//trim_img\0834.jpg,11:42:19
./18n//trim_img\0835.jpg,11:43:22
./18n//trim_img\0836.jpg,11:43:24
./18n//trim_img\0837.jpg,11:43:25
./18n//trim_img\0838.jpg,11:43:27
./18n//trim_img\0839.jpg,11:43:29
./18n//trim_img\0840.jpg,11:43:33
./18n//trim_img\0841.jpg,11:43:35
./18n//trim_img\0842.jpg,11:43:36
./18n//trim_img\0843.jpg,11:43:38
./18n//trim_img\0844.jpg,11:43:42
./18n//trim_img\0845.jpg,11:43:43
./18n//trim_img\0846.jpg,11:43:45
./18n//trim_img\0847.jpg,11:43:45
./18n//trim_img\0848.jpg,11:43:48
./18n//trim_img\0849.jpg,11:43:51
./18n//trim_img\0850.jpg,11:43:51
./18n//trim_img\0851.jpg,11:43:53
./18n//trim_img\0852.jpg,11:43:55
./18n//trim_img\0853.jpg,11:43:57
./18n//trim_img\0854.jpg,11:43:58
./18n//trim_img\0855.jpg,11:43:59
./18n//trim_img\0856.jpg,11:43:59
./18n//trim_img\0857.jpg,11:44:02
./18n//trim_img\0858.jpg,11:44:02
./18n//trim_img\0859.jpg,11:44:03
./18n//trim_img\0860.jpg,11:44:09
./18n//trim_img\0861.jpg,11:44:23
./18n//trim_img\0862.jpg,11:44:23
./18n//trim_img\0863.jpg,11:44:25
./18n//trim_img\0864.jpg,11:44:31
./18n//trim_img\0865.jpg,11:44:39
./18n//trim_img\0866.jpg,11:45:30
./18n//trim_img\0867.jpg,11:45:45
./18n//trim_img\0868.jpg,11:45:46
./18n//trim_img\0869.jpg,11:45:47
./18n//trim_img\0870.jpg,11:45:48
./18n//trim_img\0871.jpg,11:45:49
./18n//trim_img\0872.jpg,11:45:57
./18n//trim_img\0873.jpg,11:45:58
./18n//trim_img\0874.jpg,11:46:03
./18n//trim_img\0875.jpg,11:46:06
./18n//trim_img\0876.jpg,11:46:08
./18n//trim_img\0877.jpg,11:46:08
./18n//trim_img\0878.jpg,11:46:11
./18n//trim_img\0879.jpg,11:46:14
./18n//trim_img\0880.jpg,11:46:15
./18n//trim_img\0881.jpg,11:46:17
./18n//trim_img\0882.jpg,11:46:24
./18n//trim_img\0883.jpg,11:46:25
./18n//trim_img\0884.jpg,11:46:29
./18n//trim_img\0885.jpg,11:46:34
./18n//trim_img\0886.jpg,11:46:35
./18n//trim_img\0887.jpg,11:46:36
./18n//trim_img\0888.jpg,11:46:41
./18n//trim_img\0889.jpg,11:46:42
./18n//trim_img\0890.jpg,11:46:42
./18n//trim_img\0891.jpg,11:46:43
./18n//trim_img\0892.jpg,11:46:43
./18n//trim_img\0893.jpg,11:46:44
./18n//trim_img\0894.jpg,11:46:45
./18n//trim_img\0895.jpg,11:46:45
./18n//trim_img\0896.jpg,11:46:47
./18n//trim_img\0897.jpg,11:46:49
./18n//trim_img\0898.jpg,11:46:55
./18n//trim_img\0899.jpg,11:46:56
./18n//trim_img\0900.jpg,11:46:59
./18n//trim_img\0901.jpg,11:48:07
./18n//trim_img\0902.jpg,11:48:08
./18n//trim_img\0903.jpg,11:48:08
./18n//trim_img\0904.jpg,11:48:10
./18n//trim_img\0905.jpg,11:48:11
./18n//trim_img\0906.jpg,11:48:11
./18n//trim_img\0907.jpg,11:48:12
./18n//trim_img\0908.jpg,11:48:15
./18n//trim_img\0909.jpg,11:48:18
./18n//trim_img\0910.jpg,11:48:19
./18n//trim_img\0911.jpg,11:48:20
./18n//trim_img\0912.jpg,11:48:25
./18n//trim_img\0913.jpg,11:48:26
./18n//trim_img\0914.jpg,11:48:27
./18n//trim_img\0915.jpg,11:48:28
./18n//trim_img\0916.jpg,11:48:29
./18n//trim_img\0917.jpg,11:48:34
./18n//trim_img\0918.jpg,11:48:35
./18n//trim_img\0919.jpg,11:48:39
./18n//trim_img\0920.jpg,11:48:51
./18n//trim_img\0921.jpg,11:48:53
./18n//trim_img\0922.jpg,11:48:58
./18n//trim_img\0923.jpg,11:49:03
./18n//trim_img\0924.jpg,11:49:13
./18n//trim_img\0925.jpg,11:49:14
./18n//trim_img\0926.jpg,11:49:15
./18n//trim_img\0927.jpg,11:49:15
./18n//trim_img\0928.jpg,11:49:17
./18n//trim_img\0929.jpg,11:49:17
./18n//trim_img\0930.jpg,11:49:20
./18n//trim_img\0931.jpg,11:49:21
./18n//trim_img\0932.jpg,11:50:26
./18n//trim_img\0933.jpg,11:50:27
./18n//trim_img\0934.jpg,11:50:27
./18n//trim_img\0935.jpg,11:50:30
./18n//trim_img\0936.jpg,11:50:30
./18n//trim_img\0937.jpg,11:50:31
./18n//trim_img\0938.jpg,11:50:32
./18n//trim_img\0939.jpg,11:50:34
./18n//trim_img\0940.jpg,11:50:34
./18n//trim_img\0941.jpg,11:50:36
./18n//trim_img\0942.jpg,11:50:37
./18n//trim_img\0943.jpg,11:50:38
./18n//trim_img\0944.jpg,11:50:40
./18n//trim_img\0945.jpg,11:50:44
./18n//trim_img\0946.jpg,11:50:46
./18n//trim_img\0947.jpg,11:50:48
./18n//trim_img\0948.jpg,11:50:48
./18n//trim_img\0949.jpg,11:50:51
./18n//trim_img\0950.jpg,11:50:52
./18n//trim_img\0951.jpg,11:50:56
./18n//trim_img\0952.jpg,11:50:59
./18n//trim_img\0953.jpg,11:51:01
./18n//trim_img\0954.jpg,11:51:04
./18n//trim_img\0955.jpg,11:51:06
./18n//trim_img\0956.jpg,11:51:09
./18n//trim_img\0957.jpg,11:51:11
./18n//trim_img\0958.jpg,11:51:12
./18n//trim_img\0959.jpg,11:51:14
./18n//trim_img\0960.jpg,11:51:15
./18n//trim_img\0961.jpg,11:51:17
./18n//trim_img\0962.jpg,11:51:20
./18n//trim_img\0963.jpg,11:51:21
./18n//trim_img\0964.jpg,11:51:24
./18n//trim_img\0965.jpg,11:51:24
./18n//trim_img\0966.jpg,11:51:25
./18n//trim_img\0967.jpg,11:51:27
./18n//trim_img\0968.jpg,11:51:27
./18n//trim_img\0969.jpg,11:51:30
./18n//trim_img\0970.jpg,11:51:33
./18n//trim_img\0971.jpg,11:51:36
./18n//trim_img\0972.jpg,11:51:38
./18n//trim_img\0973.jpg,11:51:40
