./19w//trim_img\0000.jpg,10:49:54
./19w//trim_img\0001.jpg,10:49:55
./19w//trim_img\0002.jpg,10:50:59
./19w//trim_img\0003.jpg,10:55:31
./19w//trim_img\0004.jpg,10:56:41
./19w//trim_img\0005.jpg,10:57:35
./19w//trim_img\0006.jpg,10:59:38
./19w//trim_img\0007.jpg,10:59:53
./19w//trim_img\0008.jpg,11:00:42
./19w//trim_img\0009.jpg,11:00:44
./19w//trim_img\0010.jpg,11:00:55
./19w//trim_img\0011.jpg,11:02:02
./19w//trim_img\0012.jpg,11:02:04
./19w//trim_img\0013.jpg,11:02:06
./19w//trim_img\0014.jpg,11:03:07
./19w//trim_img\0015.jpg,11:03:09
./19w//trim_img\0016.jpg,11:03:18
./19w//trim_img\0017.jpg,11:04:13
./19w//trim_img\0018.jpg,11:05:07
./19w//trim_img\0019.jpg,11:06:06
./19w//trim_img\0020.jpg,11:07:27
./19w//trim_img\0021.jpg,11:08:14
./19w//trim_img\0022.jpg,11:08:19
./19w//trim_img\0023.jpg,11:10:42
./19w//trim_img\0024.jpg,11:11:45
./19w//trim_img\0025.jpg,11:12:53
./19w//trim_img\0026.jpg,11:13:52
./19w//trim_img\0027.jpg,11:14:54
./19w//trim_img\0028.jpg,11:14:55
./19w//trim_img\0029.jpg,11:18:00
./19w//trim_img\0030.jpg,11:18:01
./19w//trim_img\0031.jpg,11:18:05
./19w//trim_img\0032.jpg,11:18:59
./19w//trim_img\0033.jpg,11:19:00
./19w//trim_img\0034.jpg,11:21:02
./19w//trim_img\0035.jpg,11:21:14
./19w//trim_img\0036.jpg,11:23:05
./19w//trim_img\0037.jpg,11:26:39
./19w//trim_img\0038.jpg,11:27:16
./19w//trim_img\0039.jpg,11:27:17
./19w//trim_img\0040.jpg,11:27:18
./19w//trim_img\0041.jpg,11:28:09
./19w//trim_img\0042.jpg,11:28:21
./19w//trim_img\0043.jpg,11:29:55
./19w//trim_img\0044.jpg,11:31:21
./19w//trim_img\0045.jpg,11:31:22
./19w//trim_img\0046.jpg,11:32:25
./19w//trim_img\0047.jpg,11:34:29
./19w//trim_img\0048.jpg,11:34:32
./19w//trim_img\0049.jpg,11:34:34
./19w//trim_img\0050.jpg,11:35:30
./19w//trim_img\0051.jpg,11:35:31
./19w//trim_img\0052.jpg,11:35:32
./19w//trim_img\0053.jpg,11:38:37
./19w//trim_img\0054.jpg,11:38:43
./19w//trim_img\0055.jpg,11:38:46
./19w//trim_img\0056.jpg,11:39:02
./19w//trim_img\0057.jpg,11:39:04
./19w//trim_img\0058.jpg,11:40:43
./19w//trim_img\0059.jpg,11:41:42
./19w//trim_img\0060.jpg,11:41:44
./19w//trim_img\0061.jpg,11:42:41
./19w//trim_img\0062.jpg,11:42:44
./19w//trim_img\0063.jpg,11:42:48
./19w//trim_img\0064.jpg,11:43:01
./19w//trim_img\0065.jpg,11:45:35
./19w//trim_img\0066.jpg,11:46:00
./19w//trim_img\0067.jpg,11:46:01
./19w//trim_img\0068.jpg,11:47:15
./19w//trim_img\0069.jpg,11:48:15
./19w//trim_img\0070.jpg,11:49:21
./19w//trim_img\0071.jpg,11:50:23
./19w//trim_img\0072.jpg,11:51:21
