./04w//trim_img\0.jpg,10:53:26
./04w//trim_img\1.jpg,10:53:32
./04w//trim_img\10.jpg,11:32:08
./04w//trim_img\100.jpg,11:08:59
./04w//trim_img\101.jpg,11:09:17
./04w//trim_img\102.jpg,11:09:44
./04w//trim_img\103.jpg,11:09:45
./04w//trim_img\104.jpg,10:54:40
./04w//trim_img\105.jpg,11:09:46
./04w//trim_img\106.jpg,11:09:51
./04w//trim_img\107.jpg,11:09:51
./04w//trim_img\108.jpg,11:10:33
./04w//trim_img\109.jpg,11:10:37
./04w//trim_img\11.jpg,11:32:41
./04w//trim_img\110.jpg,11:11:45
./04w//trim_img\111.jpg,11:12:04
./04w//trim_img\112.jpg,11:13:25
./04w//trim_img\113.jpg,11:14:18
./04w//trim_img\114.jpg,11:14:20
./04w//trim_img\115.jpg,10:54:42
./04w//trim_img\116.jpg,11:14:21
./04w//trim_img\117.jpg,11:15:04
./04w//trim_img\118.jpg,11:15:04
./04w//trim_img\119.jpg,11:15:51
./04w//trim_img\12.jpg,11:32:42
./04w//trim_img\120.jpg,11:15:51
./04w//trim_img\121.jpg,11:16:38
./04w//trim_img\122.jpg,11:16:39
./04w//trim_img\123.jpg,11:16:41
./04w//trim_img\124.jpg,11:16:41
./04w//trim_img\125.jpg,11:16:42
./04w//trim_img\126.jpg,10:54:43
./04w//trim_img\127.jpg,11:17:39
./04w//trim_img\128.jpg,11:18:38
./04w//trim_img\129.jpg,11:18:39
./04w//trim_img\13.jpg,10:56:14
./04w//trim_img\130.jpg,11:18:40
./04w//trim_img\131.jpg,11:18:42
./04w//trim_img\132.jpg,11:18:42
./04w//trim_img\133.jpg,11:18:49
./04w//trim_img\134.jpg,11:19:27
./04w//trim_img\135.jpg,11:19:28
./04w//trim_img\136.jpg,11:19:29
./04w//trim_img\137.jpg,10:54:45
./04w//trim_img\138.jpg,11:19:30
./04w//trim_img\139.jpg,11:19:34
./04w//trim_img\14.jpg,11:32:45
./04w//trim_img\140.jpg,11:20:35
./04w//trim_img\141.jpg,11:20:36
./04w//trim_img\142.jpg,11:20:37
./04w//trim_img\143.jpg,11:21:45
./04w//trim_img\144.jpg,11:21:45
./04w//trim_img\145.jpg,11:21:46
./04w//trim_img\146.jpg,11:21:48
./04w//trim_img\147.jpg,11:22:04
./04w//trim_img\148.jpg,10:54:55
./04w//trim_img\149.jpg,11:22:33
./04w//trim_img\15.jpg,11:32:46
./04w//trim_img\150.jpg,11:23:19
./04w//trim_img\151.jpg,11:23:21
./04w//trim_img\152.jpg,11:23:22
./04w//trim_img\153.jpg,11:23:24
./04w//trim_img\154.jpg,11:24:28
./04w//trim_img\155.jpg,11:24:29
./04w//trim_img\156.jpg,11:24:30
./04w//trim_img\157.jpg,11:25:16
./04w//trim_img\158.jpg,11:25:17
./04w//trim_img\159.jpg,10:54:56
./04w//trim_img\16.jpg,11:33:54
./04w//trim_img\160.jpg,11:26:25
./04w//trim_img\161.jpg,11:26:27
./04w//trim_img\162.jpg,11:26:29
./04w//trim_img\163.jpg,11:26:31
./04w//trim_img\164.jpg,11:28:41
./04w//trim_img\165.jpg,11:28:41
./04w//trim_img\166.jpg,11:28:43
./04w//trim_img\167.jpg,11:28:45
./04w//trim_img\168.jpg,11:28:47
./04w//trim_img\169.jpg,11:28:47
./04w//trim_img\17.jpg,11:33:56
./04w//trim_img\18.jpg,11:34:40
./04w//trim_img\19.jpg,11:34:41
./04w//trim_img\2.jpg,10:54:56
./04w//trim_img\20.jpg,11:34:42
./04w//trim_img\21.jpg,11:34:44
./04w//trim_img\22.jpg,11:35:30
./04w//trim_img\23.jpg,11:35:30
./04w//trim_img\24.jpg,10:55:47
./04w//trim_img\25.jpg,11:35:32
./04w//trim_img\26.jpg,11:36:17
./04w//trim_img\27.jpg,11:36:18
./04w//trim_img\28.jpg,11:36:21
./04w//trim_img\29.jpg,11:37:04
./04w//trim_img\3.jpg,11:29:40
./04w//trim_img\30.jpg,11:37:05
./04w//trim_img\31.jpg,11:37:06
./04w//trim_img\32.jpg,11:37:07
./04w//trim_img\33.jpg,11:37:09
./04w//trim_img\34.jpg,11:37:12
./04w//trim_img\35.jpg,10:56:14
./04w//trim_img\36.jpg,11:37:15
./04w//trim_img\37.jpg,11:37:18
./04w//trim_img\38.jpg,11:38:24
./04w//trim_img\39.jpg,11:38:25
./04w//trim_img\4.jpg,11:30:46
./04w//trim_img\40.jpg,11:38:27
./04w//trim_img\41.jpg,11:38:29
./04w//trim_img\42.jpg,11:38:36
./04w//trim_img\43.jpg,11:39:13
./04w//trim_img\44.jpg,11:39:13
./04w//trim_img\45.jpg,11:39:14
./04w//trim_img\46.jpg,10:58:11
./04w//trim_img\47.jpg,11:39:18
./04w//trim_img\48.jpg,11:39:20
./04w//trim_img\49.jpg,11:40:05
./04w//trim_img\5.jpg,11:30:47
./04w//trim_img\50.jpg,11:40:06
./04w//trim_img\51.jpg,11:40:28
./04w//trim_img\52.jpg,11:41:45
./04w//trim_img\53.jpg,11:41:46
./04w//trim_img\54.jpg,11:41:46
./04w//trim_img\55.jpg,11:42:51
./04w//trim_img\56.jpg,11:42:52
./04w//trim_img\57.jpg,10:58:12
./04w//trim_img\58.jpg,11:44:10
./04w//trim_img\59.jpg,11:44:10
./04w//trim_img\6.jpg,11:30:48
./04w//trim_img\60.jpg,11:44:11
./04w//trim_img\61.jpg,11:45:10
./04w//trim_img\62.jpg,11:45:16
./04w//trim_img\63.jpg,11:45:58
./04w//trim_img\64.jpg,11:45:58
./04w//trim_img\65.jpg,11:46:30
./04w//trim_img\66.jpg,11:47:22
./04w//trim_img\67.jpg,11:47:50
./04w//trim_img\68.jpg,10:58:18
./04w//trim_img\69.jpg,11:47:51
./04w//trim_img\7.jpg,11:30:51
./04w//trim_img\70.jpg,11:48:50
./04w//trim_img\71.jpg,11:48:50
./04w//trim_img\72.jpg,11:48:51
./04w//trim_img\73.jpg,11:48:54
./04w//trim_img\74.jpg,11:50:28
./04w//trim_img\75.jpg,11:50:29
./04w//trim_img\76.jpg,11:51:42
./04w//trim_img\77.jpg,11:51:43
./04w//trim_img\78.jpg,11:51:46
./04w//trim_img\79.jpg,10:58:20
./04w//trim_img\8.jpg,11:31:55
./04w//trim_img\80.jpg,10:58:59
./04w//trim_img\81.jpg,10:59:54
./04w//trim_img\82.jpg,10:53:37
./04w//trim_img\83.jpg,10:59:57
./04w//trim_img\84.jpg,11:00:19
./04w//trim_img\85.jpg,11:00:25
./04w//trim_img\86.jpg,11:00:43
./04w//trim_img\87.jpg,11:00:44
./04w//trim_img\88.jpg,11:02:39
./04w//trim_img\89.jpg,11:02:41
./04w//trim_img\9.jpg,11:31:56
./04w//trim_img\90.jpg,11:02:42
./04w//trim_img\91.jpg,11:03:47
./04w//trim_img\92.jpg,11:03:49
./04w//trim_img\93.jpg,10:54:39
./04w//trim_img\94.jpg,11:03:55
./04w//trim_img\95.jpg,11:04:48
./04w//trim_img\96.jpg,11:07:04
./04w//trim_img\97.jpg,11:07:04
./04w//trim_img\98.jpg,11:07:09
./04w//trim_img\99.jpg,11:08:59
